record_id,split
3,train
4,train
5,train
6,train
7,train
8,train
9,train
10,train
11,train
13,train
14,train
15,train
16,train
18,train
19,train
20,train
21,train
22,train
23,train
24,train
25,train
26,train
28,train
29,train
30,train
32,train
33,train
34,train
35,train
36,train
38,train
39,train
40,train
41,train
42,train
46,train
48,train
49,train
54,train
59,train
62,train
63,train
66,train
68,train
69,train
70,train
73,train
74,train
75,train
76,train
78,train
79,train
82,train
83,train
84,train
85,train
86,train
88,train
89,train
91,train
94,train
96,train
97,train
99,train
100,train
101,train
102,train
103,train
104,train
105,train
108,train
109,train
111,train
115,train
116,train
117,train
119,train
120,train
121,train
122,train
123,train
124,train
125,train
127,train
128,train
129,train
130,train
132,train
133,train
135,train
136,train
137,train
140,train
141,train
142,train
144,train
145,train
146,train
147,train
148,train
149,train
150,train
151,train
152,train
154,train
155,train
156,train
157,train
158,train
160,train
162,train
163,train
164,train
166,train
169,train
170,train
171,train
172,train
173,train
174,train
177,train
178,train
179,train
181,train
182,train
183,train
184,train
185,train
187,train
190,train
191,train
192,train
193,train
194,train
195,train
196,train
198,train
200,train
201,train
202,train
203,train
204,train
205,train
207,train
208,train
209,train
212,train
215,train
216,train
219,train
220,train
221,train
223,train
225,train
226,train
227,train
228,train
230,train
231,train
233,train
234,train
238,train
239,train
241,train
242,train
243,train
244,train
246,train
248,train
249,train
250,train
251,train
252,train
253,train
254,train
255,train
256,train
257,train
259,train
260,train
261,train
262,train
263,train
265,train
266,train
270,train
271,train
274,train
275,train
277,train
278,train
279,train
280,train
281,train
284,train
285,train
287,train
288,train
289,train
290,train
291,train
292,train
293,train
295,train
296,train
299,train
300,train
301,train
303,train
304,train
305,train
307,train
308,train
311,train
313,train
314,train
317,train
318,train
319,train
320,train
322,train
323,train
324,train
325,train
326,train
328,train
329,train
333,train
334,train
335,train
336,train
338,train
339,train
342,train
343,train
346,train
347,train
348,train
349,train
351,train
353,train
354,train
355,train
356,train
357,train
358,train
359,train
361,train
363,train
365,train
367,train
369,train
370,train
373,train
374,train
375,train
376,train
377,train
379,train
380,train
381,train
382,train
383,train
386,train
389,train
390,train
391,train
393,train
394,train
395,train
397,train
398,train
400,train
401,train
403,train
406,train
407,train
409,train
413,train
414,train
415,train
417,train
418,train
419,train
422,train
424,train
426,train
427,train
429,train
431,train
432,train
435,train
437,train
438,train
440,train
441,train
443,train
444,train
446,train
447,train
448,train
449,train
450,train
452,train
453,train
454,train
458,train
459,train
462,train
463,train
464,train
465,train
466,train
468,train
469,train
470,train
472,train
473,train
474,train
475,train
476,train
477,train
479,train
480,train
481,train
483,train
485,train
486,train
488,train
489,train
491,train
492,train
493,train
496,train
498,train
501,train
503,train
506,train
507,train
509,train
510,train
511,train
512,train
514,train
516,train
517,train
519,train
520,train
521,train
522,train
523,train
524,train
525,train
526,train
527,train
528,train
529,train
530,train
532,train
533,train
534,train
535,train
536,train
537,train
540,train
541,train
542,train
544,train
546,train
548,train
549,train
550,train
551,train
552,train
553,train
555,train
557,train
559,train
561,train
562,train
563,train
569,train
570,train
571,train
572,train
574,train
575,train
576,train
577,train
578,train
580,train
582,train
583,train
584,train
585,train
586,train
587,train
589,train
595,train
596,train
597,train
600,train
601,train
603,train
604,train
605,train
608,train
611,train
612,train
613,train
616,train
619,train
620,train
624,train
625,train
626,train
627,train
628,train
629,train
631,train
632,train
635,train
636,train
638,train
639,train
640,train
641,train
642,train
643,train
645,train
646,train
649,train
650,train
651,train
652,train
653,train
654,train
655,train
656,train
660,train
661,train
662,train
664,train
665,train
668,train
671,train
672,train
673,train
674,train
675,train
676,train
677,train
678,train
679,train
681,train
683,train
685,train
688,train
690,train
691,train
693,train
694,train
696,train
697,train
698,train
700,train
701,train
704,train
706,train
708,train
709,train
710,train
712,train
714,train
716,train
718,train
719,train
721,train
722,train
723,train
725,train
726,train
727,train
728,train
729,train
730,train
732,train
733,train
734,train
735,train
736,train
737,train
738,train
739,train
740,train
741,train
743,train
744,train
745,train
748,train
751,train
752,train
753,train
754,train
756,train
757,train
759,train
760,train
763,train
764,train
767,train
769,train
771,train
772,train
774,train
775,train
777,train
778,train
779,train
780,train
781,train
782,train
783,train
786,train
787,train
788,train
789,train
790,train
791,train
792,train
793,train
796,train
798,train
799,train
2,dev
31,dev
37,dev
43,dev
44,dev
45,dev
56,dev
57,dev
58,dev
60,dev
64,dev
77,dev
92,dev
113,dev
131,dev
138,dev
165,dev
175,dev
176,dev
189,dev
199,dev
206,dev
222,dev
224,dev
235,dev
240,dev
245,dev
264,dev
268,dev
273,dev
276,dev
286,dev
298,dev
302,dev
315,dev
321,dev
337,dev
340,dev
344,dev
345,dev
350,dev
372,dev
378,dev
387,dev
396,dev
420,dev
423,dev
433,dev
434,dev
456,dev
460,dev
461,dev
494,dev
497,dev
515,dev
543,dev
564,dev
573,dev
592,dev
599,dev
602,dev
618,dev
621,dev
622,dev
633,dev
634,dev
644,dev
647,dev
657,dev
659,dev
682,dev
684,dev
705,dev
742,dev
761,dev
762,dev
770,dev
12,test
17,test
27,test
47,test
50,test
51,test
52,test
53,test
55,test
61,test
65,test
67,test
71,test
72,test
80,test
81,test
87,test
90,test
93,test
95,test
98,test
106,test
107,test
110,test
112,test
114,test
118,test
126,test
134,test
139,test
143,test
153,test
161,test
167,test
168,test
180,test
188,test
197,test
210,test
211,test
217,test
218,test
229,test
232,test
236,test
237,test
267,test
269,test
272,test
282,test
283,test
306,test
309,test
312,test
316,test
327,test
330,test
331,test
341,test
352,test
360,test
364,test
366,test
368,test
371,test
385,test
388,test
392,test
399,test
402,test
404,test
405,test
408,test
410,test
411,test
416,test
421,test
425,test
428,test
430,test
436,test
439,test
445,test
451,test
455,test
457,test
467,test
471,test
478,test
482,test
484,test
487,test
490,test
502,test
504,test
505,test
508,test
513,test
531,test
538,test
539,test
545,test
547,test
554,test
556,test
560,test
566,test
568,test
579,test
581,test
588,test
591,test
593,test
594,test
598,test
606,test
607,test
609,test
614,test
615,test
617,test
623,test
630,test
637,test
648,test
667,test
669,test
670,test
686,test
687,test
689,test
692,test
695,test
699,test
702,test
703,test
707,test
711,test
713,test
724,test
731,test
746,test
747,test
749,test
750,test
765,test
768,test
773,test
776,test
784,test
785,test
794,test
