sample_id,source_key,page_number,exclusion_reason_if_unusable,notes
OCR-0002,179d42b39g668347c99c6ffb67d1b637,484,当前会话未提供对应页图，且OCR预览乱码严重，无法形成可靠的逐字人工转录。,
OCR-0035,刘民叔汤液/NDL2576102_湯液本草3卷.(2),3,当前会话未提供对应页图，且OCR预览乱码严重，无法形成可靠的逐字人工转录。,
OCR-0041,太平圣惠方(1)/14太平圣惠方,38,当前会话未提供对应页图，且OCR预览乱码严重，无法形成可靠的逐字人工转录。,
OCR-0042,太平圣惠方(1)/16太平圣惠方,25,当前会话未提供对应页图，且OCR预览乱码严重，无法形成可靠的逐字人工转录。,
OCR-0043,太平圣惠方(1)/17太平圣惠方,53,当前会话未提供对应页图，且OCR预览乱码严重，无法形成可靠的逐字人工转录。,
OCR-0046,太平圣惠方(1)/20太平圣惠方,17,当前会话未提供对应页图，且OCR预览乱码严重，无法形成可靠的逐字人工转录。,
OCR-0047,太平圣惠方(1)/24太平圣惠方,53,当前会话未提供对应页图，且OCR预览乱码严重，无法形成可靠的逐字人工转录。,
OCR-0048,太平圣惠方(1)/25太平圣惠方,26,当前会话未提供对应页图，且OCR预览乱码严重，无法形成可靠的逐字人工转录。,
OCR-0051,太平圣惠方(1)/37太平圣惠方,18,当前会话未提供对应页图，且OCR预览乱码严重，无法形成可靠的逐字人工转录。,
